{"loss_final": 1.0669914484024048, "loss_mean": 1.0078315734863281, "loss_mean_cls": 0.05915984511375427, "grad_norm": 1.1258219480514526, "_timestamp": 1759550202.8297694, "_runtime": 80.0196282863617, "_step": 224}