{"loss_final": 0.22106385231018066, "loss_mean": 1.453695297241211, "proj_loss": -0.13914018869400024, "loss_mean_cls": 0.11668487638235092, "deep_loss": -1.2101761102676392, "grad_norm": 25.841045379638672, "_timestamp": 1759503994.7354863, "_runtime": 118.57758116722107, "_step": 94}