{"loss_final": 1.5083407163619995, "loss_mean": 1.3960659503936768, "proj_loss": -0.03169383108615875, "loss_mean_cls": 0.10998818278312683, "deep_loss": 0.03398050367832184, "grad_norm": 61.0349006652832, "_timestamp": 1759506347.0304384, "_runtime": 1206.2909383773804, "_step": 1064}