{"loss_final": 1.5779588222503662, "loss_mean": 1.474090814590454, "proj_loss": -0.07249127328395844, "loss_mean_cls": 0.11234953999519348, "deep_loss": 0.06400975584983826, "grad_norm": 1.9693411588668823, "_timestamp": 1759504871.1007564, "_runtime": 116.65484046936035, "_step": 93, "_wandb": {"runtime": 115}}