{"loss_final": -89.89967346191406, "loss_mean": 1.578046202659607, "proj_loss": -0.09151504933834076, "loss_mean_cls": 0.11696361005306244, "deep_loss": -91.50316619873047, "grad_norm": 494.1346435546875, "_timestamp": 1759503762.3113368, "_runtime": 85.25415086746216, "_step": 102}