{"loss_final": 1.4729225635528564, "loss_mean": 1.3478591442108154, "proj_loss": -0.021428532898426056, "loss_mean_cls": 0.11444523185491562, "deep_loss": 0.03204672783613205, "grad_norm": 16.89315414428711, "_timestamp": 1759507360.704592, "_runtime": 402.9180688858032, "_step": 364}