{"loss_final": 0.8730815052986145, "loss_mean": 0.8304151296615601, "loss_mean_cls": 0.04266639053821564, "grad_norm": 0.21460437774658203, "_timestamp": 1759553130.1322942, "_runtime": 2841.1670162677765, "_step": 9615}